{"cameraMode":{"drawMode":0,"name":"Shaded","section":"Shading Mode"},"sceneLighting":true,"audioPlay":false,"sceneViewState":{"showFog":true,"showMaterialUpdate":false,"showSkybox":true,"showFlares":true,"showImageEffects":true,"showParticleSystems":true},"in2DMode":false,"pivot":{"x":57.304527282714847,"y":-39.199485778808597,"z":54.214942932128909},"rotation":{"x":-0.16497544944286347,"y":-0.8348978757858276,"z":0.3791823983192444,"w":-0.3632633686065674},"size":55.646827697753909,"orthographic":false}